Organ,Health Advice
brain,Stay mentally active through puzzles and reading. Get enough sleep and manage stress.
heart,Maintain a balanced diet and engage in regular aerobic exercise. Manage blood pressure and avoid smoking.
lungs,Avoid exposure to pollutants and secondhand smoke. Practice deep breathing exercises and maintain good indoor air quality.
liver,Limit alcohol consumption and avoid excessive fatty foods. Stay hydrated and maintain a healthy weight.
kidneys,Stay hydrated. monitor blood pressure. and limit salt intake. Avoid excessive use of pain relievers.
stomach,Eat a balanced diet with plenty of fiber. Avoid overeating and maintain good food hygiene.
pancreas,Maintain a healthy weight and manage blood sugar levels. Limit sugary foods.
intestines,Consume a diet rich in fruits vegetables and whole grains. Stay physically active to prevent constipation.
skin,Protect from sun exposure stay hydrated and moisturize regularly.
bones,Ensure adequate calcium and vitamin D intake. Engage in weight-bearing exercises and avoid smoking.
muscles,Stay physically active with a mix of aerobic and strength training exercises. Adequate protein intake supports muscle health.
eyes,Protect from screen time with the 20-20-20 rule. Get regular eye check-ups.
ears,Protect from loud noises and avoid inserting objects into the ear canal. Practice good ear hygiene.
reproductive organs male,Perform regular testicular self-exams and practice safe sex.
reproductive organs female,Get regular gynecological check-ups practice safe sex and perform breast self-exams.
spleen,Maintain a healthy immune system through a balanced diet and vaccinations.
gallbladder,Limit high-fat and high-cholesterol foods. Consume a diet high in fiber and moderate healthy fats.
bladder,Stay hydrated practice good hygiene and avoid holding in urine.
thyroid gland,Consume iodine-rich foods to support thyroid function. Consult a doctor for concerns.
adrenal alands,Manage stress through relaxation techniques exercise and sleep.
pituitary gland,Prioritize sleep and seek medical advice for hormonal concerns.
blood vessels,Maintain heart-healthy habits and manage blood pressure and cholesterol.
lymph nodes,Stay active to promote healthy lymph flow and immune function.
prostate gland male,Discuss prostate health screenings and maintain a balanced diet.
uterus female,Attend regular gynecological check-ups perform pelvic floor exercises and practice safe sex.
ovaries female,Maintain hormonal balance through a healthy lifestyle and regular check-ups.
testes male,Perform regular testicular self-exams and discuss concerns with a doctor.
appendix,Seek medical attention for persistent abdominal pain.
ligaments,Maintain joint stability through exercise and proper warm-up routines.
cartilage,Maintain joint health by avoiding excessive impact activities.
nervous system,Engage in brain-stimulating activities and protect against head injuries.
respiratory system,Practice good indoor air quality hand hygiene and avoid close contact during cold and flu seasons.
blood-forming organs,Support immune function through a balanced diet exercise sleep and vaccinations.
hypothalamus,Maintain hormonal balance through stress-reduction techniques sleep and a balanced diet.
basal ganglia,Promote brain health with regular physical activity antioxidant-rich foods and mental stimulation.
intervertebral discs,Support spine health through proper posture core-strengthening exercises and lifting techniques.
pons,Sleep well and maintain a consistent sleep schedule for optimal brainstem function.
dendrites,Engage in cognitive activities social interactions and a diet rich in antioxidants to support cognitive health.
pineal gland,Regulate sleep patterns through a consistent sleep routine limited screen time before bed and a sleep-conducive environment.
placenta during pregnancy,Eat a nutrient-rich diet during pregnancy to support maternal and fetal health.
adipose tissue brown fat,Stay physically active and maintain a balanced diet to encourage healthy brown fat activity.
bile ducts,Maintain liver health by consuming a balanced diet staying hydrated and avoiding excessive alcohol consumption.
stratum corneum,Protect skin barrier function with moisturizers gentle skincare products and hydration.
vas deferens male reproductive system,Practice safe sex and consider family planning methods as needed for reproductive health.
corpus luteum female reproductive system,Support reproductive health through a balanced diet regular exercise and stress management.
pancreatic islets islets of langerhans,Promote blood sugar regulation through a balanced diet regular exercise and stress management.
zygote during fertilization,Take prenatal vitamins maintain a healthy lifestyle and seek preconception care for a healthy pregnancy.
tendons,Warm up before exercise use proper techniques and avoid overuse to prevent tendon injuries.
stratum granulosum,Maintain skin moisture with moisturizers sun protection and hydration.
gastrointestinal mucosa,Support digestive health with fiber-rich foods hydration and a balanced diet.
humerus arm bone,Strengthen arm bones with weight-bearing exercises and ensure sufficient calcium intake.
esophagus,Avoid overeating eat slowly and chew food thoroughly to support proper digestion and prevent acid reflux.
thymus,Support immune function through a healthy lifestyle including a balanced diet regular exercise and adequate sleep.
blood,Stay hydrated to maintain proper blood volume. Consume iron-rich foods to prevent anemia and ensure a healthy oxygen supply.
bone marrow,Consume foods rich in vitamins and minerals essential for red and white blood cell production. Discuss blood donation with a medical professional.
joints,Maintain joint health through regular low-impact exercise. Avoid sudden intense physical activity.
teeth,Practice good oral hygiene by brushing and flossing regularly. Limit sugary foods and drinks to prevent cavities.
tongue,Clean your tongue while brushing your teeth to remove bacteria and prevent bad breath.
nails,Keep nails clean and well-trimmed to prevent infections. Consume a balanced diet rich in vitamins and minerals to support nail health.
hair follicles,Maintain a balanced diet with adequate protein vitamins and minerals to support healthy hair growth. Avoid excessive heat styling.
blood-brain barrier,Protect brain health by avoiding exposure to toxins maintaining a healthy diet and managing conditions that may affect brain function.
urethra,Stay hydrated and practice good hygiene to prevent urinary tract infections. Urinate regularly and fully empty the bladder.
nervous system peripheral nerves,Prevent nerve damage by managing chronic conditions avoiding prolonged pressure on nerves and maintaining proper ergonomics.
skin sebaceous glands,Keep skin clean and avoid excessive scrubbing as it may lead to irritation. Use gentle skincare products and maintain hydration.
endocrine glands various glands producing hormones,Maintain hormonal balance through regular exercise a balanced diet sufficient sleep and stress management.
diaphragm,Practice deep breathing exercises to strengthen the diaphragm and improve lung capacity.
erythrocytes red blood cells,Consume iron-rich foods and foods rich in vitamin B12
